"Family","variable","ES_formatted","interpretation","Sig_FDR","p_val","p_fdr"
"Beliefs_COMB","capabilityC","d = +1.00 [0.78, 1.22]","Large","***",5.22821661953354e-17,4.18257329562683e-16
"Personality","DBAS_Medications","d = -0.85 [-1.07, -0.62]","Large","***",1.12254309637479e-09,1.79606895419966e-08
"Beliefs_COMB","dependenceC","d = -0.53 [-0.75, -0.31]","Medium","***",1.18046602058856e-05,4.72186408235424e-05
"Beliefs_COMB","adlsC","d = +0.47 [0.25, 0.69]","Small","**",0.000449561692866668,0.00119883118097778
"Beliefs_COMB","side_effectsC","d = +0.38 [0.16, 0.59]","Small","**",0.00356371845801373,0.00570194953282196
"Beliefs_COMB","motivationC","d = -0.37 [-0.59, -0.16]","Small","**",0.000736942722629709,0.00147388544525942
"Clinical","c_lengthofuse","d = -0.37 [-0.59, -0.15]","Small","**",0.000342683732828623,0.00411220479394348
"Sleep_Adverse","wdl_symptom_count","d = -0.37 [-0.58, -0.15]","Small","**",0.00114108053116946,0.00342324159350837
"Clinical","med_quant","d = -0.26 [-0.48, -0.05]","Small","",0.0127816591985853,0.0766899551915119
"Personality","DBAS_Consequences","d = -0.26 [-0.47, -0.04]","Small","",0.0354234685620545,0.138100092053159
"Personality","BFI_Openness","d = +0.25 [0.04, 0.47]","Small","",0.0349006133568659,0.138100092053159
"Personality","SURPS_Hopelessness","d = -0.23 [-0.45, -0.02]","Small","",0.0399872310346479,0.138100092053159
"Personality","SURPS_Sensation_Seeking","d = +0.23 [0.01, 0.44]","Small","",0.0431562787666121,0.138100092053159
"Personality","CISS_Emotion","d = -0.20 [-0.42, 0.01]","Small","",0.0680376314925935,0.181433683980249
"Sleep_Adverse","stop_wdl_exp_combined","V = 0.19 [0.10, 0.28]","Small","**",0.000455833409233117,0.0027350004553987
"Personality","SURPS_Anxiety_Sensitivity","d = -0.15 [-0.37, 0.06]","Negligible","",0.189816449411227,0.433866170082804
"Clinical","n_sleep_conditions","d = -0.15 [-0.36, 0.07]","Negligible","",0.195897330064473,0.529256305309118
"Sleep_Adverse","melatonin_use","V = 0.15 [0.06, 0.24]","Small","",0.0546407938369545,0.109281587673909
"Beliefs_COMB","benefitsC","d = -0.15 [-0.36, 0.07]","Negligible","",0.219126658178397,0.292168877571197
"Clinical","phq2_score","d = -0.14 [-0.35, 0.08]","Negligible","",0.220523460545466,0.529256305309118
"Clinical","alc_use","V = 0.14 [0.04, 0.23]","Small","",0.0915518793988892,0.366207517595557
"Personality","BFI_Extraversion","d = +0.13 [-0.08, 0.34]","Negligible","",0.254084460094448,0.503891435853161
"Beliefs_COMB","pharmacistC","d = +0.12 [-0.09, 0.34]","Negligible","",0.330739497054273,0.377987996633454
"Personality","BFI_Agreeableness","d = +0.12 [-0.10, 0.33]","Negligible","",0.283438932667403,0.503891435853161
"Personality","DBAS_Worry_Helplessness","d = -0.11 [-0.33, 0.10]","Negligible","",0.35094821150758,0.561517138412128
"Clinical","n_ment_conditions","d = -0.10 [-0.32, 0.11]","Negligible","",0.325245409155033,0.643865181803804
"Clinical","n_health_conditions","d = -0.10 [-0.32, 0.11]","Negligible","",0.375588022718886,0.643865181803804
"Sleep_Adverse","alc_sleep","V = 0.08 [0.00, 0.18]","Negligible","",0.589357694320654,0.88403654148098
"Demographics","age","d = -0.08 [-0.29, 0.13]","Negligible","",0.451578513596396,0.858730338214639
"Beliefs_COMB","prescriberC","d = -0.08 [-0.30, 0.13]","Negligible","",0.514954889067669,0.514954889067669
"Personality","BFI_Neuroticism","d = -0.08 [-0.29, 0.14]","Negligible","",0.473129288073657,0.688188055379865
"Demographics","prov_terr","V = 0.07 [0.00, 0.17]","Negligible","",0.509415901281637,0.858730338214639
"Demographics","employment","V = 0.07 [0.00, 0.17]","Negligible","",0.13659949601635,0.858730338214639
"Personality","DBAS_Expectations","d = +0.07 [-0.14, 0.28]","Negligible","",0.554712247861866,0.739616330482488
"Clinical","gen_health","V = 0.07 [0.00, 0.16]","Negligible","",0.733596132585225,0.804589206873855
"Demographics","driving_freq","V = 0.07 [0.00, 0.16]","Negligible","",0.613378813010457,0.858730338214639
"Clinical","bzra_daily_dose_eq","d = -0.06 [-0.28, 0.15]","Negligible","",0.531902804860683,0.797854207291024
"Demographics","income","V = 0.06 [0.00, 0.16]","Negligible","",0.810727457858594,0.907709518243434
"Sleep_Adverse","op_sleep","V = 0.06 [0.00, 0.16]","Negligible","",0.815182628100585,0.892300247350958
"Clinical","fall2","V = 0.06 [0.00, 0.15]","Negligible","",0.737540106301034,0.804589206873855
"Sleep_Adverse","can_sleep","V = 0.05 [0.00, 0.15]","Negligible","",0.892300247350958,0.892300247350958
"Clinical","n_physical_conditions","d = -0.04 [-0.26, 0.17]","Negligible","",0.709777923890702,0.804589206873855
"Demographics","education","V = 0.04 [0.00, 0.14]","Negligible","",0.383235706824856,0.858730338214639
"Clinical","osss_3_score","d = -0.02 [-0.23, 0.20]","Negligible","",0.869828004902717,0.869828004902717
"Personality","CISS_Task","d = -0.02 [-0.23, 0.20]","Negligible","",0.881436389306445,0.983245596467576
"Personality","CISS_Avoidance","d = -0.01 [-0.23, 0.20]","Negligible","",0.91151974063086,0.983245596467576
"Personality","SURPS_Impulsivity","d = -0.01 [-0.23, 0.20]","Negligible","",0.921792746688352,0.983245596467576
"Demographics","sex","V = 0.01 [0.00, 0.10]","Negligible","",0.907709518243434,0.907709518243434
"Personality","BFI_Conscientiousness","d = +0.00 [-0.21, 0.21]","Negligible","",0.992814797254088,0.992814797254088
